configuration,seed,arch,aug,opt,params,learning_rate,weight_decay,epochs_trained,train_seconds,best_val_loss,accuracy,macro_f1,history
Baseline,0,baseline_simple_cnn,baseline_augmentation,baseline_sgd_momentum,2122186,0.01,0,1,6.6,1.2322330474853516,55.410000000000004,0.5542909820458762,"{""train_loss"": [1.5547910928726196], ""val_loss"": [1.2322330474853516], ""train_acc"": [44.026666666666664], ""val_acc"": [56.36]}"
Baseline,1,baseline_simple_cnn,baseline_augmentation,baseline_sgd_momentum,2122186,0.01,0,1,6.0,1.198073387145996,55.83,0.5523000218595533,"{""train_loss"": [1.5547780990600586], ""val_loss"": [1.198073387145996], ""train_acc"": [44.053333333333335], ""val_acc"": [57.08]}"
Baseline,2,baseline_simple_cnn,baseline_augmentation,baseline_sgd_momentum,2122186,0.01,0,1,5.4,1.200347900390625,56.13,0.5448039083740778,"{""train_loss"": [1.5508737564086914], ""val_loss"": [1.200347900390625], ""train_acc"": [44.18], ""val_acc"": [56.66]}"
ResNet18,0,resnet18,baseline_augmentation,baseline_sgd_momentum,11173962,0.01,0,1,61.0,1.0777549743652344,60.18,0.5983488779748143,"{""train_loss"": [1.413252353668213], ""val_loss"": [1.0777549743652344], ""train_acc"": [48.98888888888889], ""val_acc"": [60.72]}"
ResNet18,1,resnet18,baseline_augmentation,baseline_sgd_momentum,11173962,0.01,0,1,60.8,1.4062098264694214,52.23,0.4979411694601681,"{""train_loss"": [1.437070369720459], ""val_loss"": [1.4062098264694214], ""train_acc"": [48.202222222222225], ""val_acc"": [53.3]}"
ResNet18,2,resnet18,baseline_augmentation,baseline_sgd_momentum,11173962,0.01,0,1,61.3,1.1634564399719238,59.440000000000005,0.5873955108982003,"{""train_loss"": [1.4113237857818604], ""val_loss"": [1.1634564399719238], ""train_acc"": [48.89333333333333], ""val_acc"": [59.96]}"
DenseNet121,0,densenet121,baseline_augmentation,baseline_sgd_momentum,6956426,0.01,0,1,213.2,1.1359754800796509,58.69,0.5784994567811361,"{""train_loss"": [1.392976999282837], ""val_loss"": [1.1359754800796509], ""train_acc"": [49.14666666666667], ""val_acc"": [59.7]}"
DenseNet121,1,densenet121,baseline_augmentation,baseline_sgd_momentum,6956426,0.01,0,1,213.9,1.1266473531723022,58.47,0.5696052923154897,"{""train_loss"": [1.4220482110977173], ""val_loss"": [1.1266473531723022], ""train_acc"": [48.00666666666667], ""val_acc"": [59.54]}"
DenseNet121,2,densenet121,baseline_augmentation,baseline_sgd_momentum,6956426,0.01,0,1,209.8,1.1815599203109741,57.11000000000001,0.5600730318710084,"{""train_loss"": [1.4010728597640991], ""val_loss"": [1.1815599203109741], ""train_acc"": [48.82666666666667], ""val_acc"": [58.5]}"
Aug1,0,baseline_simple_cnn,aug1,baseline_sgd_momentum,2122186,0.01,0,1,6.9,1.4053614139556885,48.83,0.4827082477136848,"{""train_loss"": [1.725856900215149], ""val_loss"": [1.4053614139556885], ""train_acc"": [36.66888888888889], ""val_acc"": [48.78]}"
Aug1,1,baseline_simple_cnn,aug1,baseline_sgd_momentum,2122186,0.01,0,1,7.0,1.3645915985107422,50.44,0.4929710874054355,"{""train_loss"": [1.7241915464401245], ""val_loss"": [1.3645915985107422], ""train_acc"": [36.74888888888889], ""val_acc"": [50.1]}"
Aug1,2,baseline_simple_cnn,aug1,baseline_sgd_momentum,2122186,0.01,0,1,6.9,1.349197506904602,51.1,0.4896374928899254,"{""train_loss"": [1.724918007850647], ""val_loss"": [1.349197506904602], ""train_acc"": [36.67333333333333], ""val_acc"": [50.46]}"
Aug2,0,baseline_simple_cnn,aug2,baseline_sgd_momentum,2122186,0.01,0,1,12.5,1.5092673301696777,46.050000000000004,0.457587459152666,"{""train_loss"": [1.9031623601913452], ""val_loss"": [1.5092673301696777], ""train_acc"": [30.108888888888888], ""val_acc"": [45.78]}"
Aug2,1,baseline_simple_cnn,aug2,baseline_sgd_momentum,2122186,0.01,0,1,12.5,1.4225692749023438,48.339999999999996,0.46050404437696296,"{""train_loss"": [1.9106907844543457], ""val_loss"": [1.4225692749023438], ""train_acc"": [30.288888888888888], ""val_acc"": [49.34]}"
Aug2,2,baseline_simple_cnn,aug2,baseline_sgd_momentum,2122186,0.01,0,1,12.4,1.416947364807129,47.67,0.4502622116382821,"{""train_loss"": [1.8989644050598145], ""val_loss"": [1.416947364807129], ""train_acc"": [29.984444444444446], ""val_acc"": [48.04]}"
Adam,0,baseline_simple_cnn,baseline_augmentation,adam,2122186,0.01,0,1,4.8,1.6434210538864136,39.160000000000004,0.38157677979283045,"{""train_loss"": [1.83072829246521], ""val_loss"": [1.6434210538864136], ""train_acc"": [32.593333333333334], ""val_acc"": [39.66]}"
Adam,1,baseline_simple_cnn,baseline_augmentation,adam,2122186,0.01,0,1,4.8,1.818260908126831,33.54,0.3251875885235749,"{""train_loss"": [1.9289095401763916], ""val_loss"": [1.818260908126831], ""train_acc"": [28.624444444444446], ""val_acc"": [31.94]}"
Adam,2,baseline_simple_cnn,baseline_augmentation,adam,2122186,0.01,0,1,4.8,2.3035688400268555,10.0,0.01818181818181818,"{""train_loss"": [2.3164141178131104], ""val_loss"": [2.3035688400268555], ""train_acc"": [9.76], ""val_acc"": [10.0]}"
AdamW,0,baseline_simple_cnn,baseline_augmentation,adamw,2122186,0.01,0.01,1,4.8,1.8254115581512451,34.46,0.33276725285332753,"{""train_loss"": [1.8326444625854492], ""val_loss"": [1.8254115581512451], ""train_acc"": [32.34888888888889], ""val_acc"": [33.46]}"
AdamW,1,baseline_simple_cnn,baseline_augmentation,adamw,2122186,0.01,0.01,1,4.8,1.8263795375823975,32.96,0.30689499044375673,"{""train_loss"": [1.995324969291687], ""val_loss"": [1.8263795375823975], ""train_acc"": [25.833333333333332], ""val_acc"": [32.66]}"
AdamW,2,baseline_simple_cnn,baseline_augmentation,adamw,2122186,0.01,0.01,1,4.8,2.3035643100738525,10.0,0.01818181818181818,"{""train_loss"": [2.3164029121398926], ""val_loss"": [2.3035643100738525], ""train_acc"": [9.735555555555555], ""val_acc"": [10.0]}"
