configuration,seed,arch,aug,opt,params,learning_rate,weight_decay,epochs_trained,train_seconds,avg_epoch_seconds,best_val_loss,accuracy,macro_f1,history
Baseline,0,baseline_simple_cnn,baseline_augmentation,baseline_sgd_momentum,4702582,0.01,0,20,187.9,9.4,0.7272543907165527,75.19,0.7512134701661621,"{""train_loss"": [2.2393031120300293, 1.9143074750900269, 1.6588139533996582, 1.448499321937561, 1.297957181930542, 1.1807225942611694, 1.0815050601959229, 1.0072052478790283, 0.9422063231468201, 0.8717604279518127, 0.8201707601547241, 0.7762233018875122, 0.7264017462730408, 0.6799082159996033, 0.6388919949531555, 0.6116304993629456, 0.5799282789230347, 0.550983190536499, 0.45196905732154846, 0.41957318782806396], ""val_loss"": [1.947373390197754, 1.5563639402389526, 1.344369649887085, 1.1693217754364014, 1.078780174255371, 0.9757183194160461, 0.9074755907058716, 0.8573068976402283, 0.8086084127426147, 0.781000554561615, 0.7683648467063904, 0.767896294593811, 0.7504376173019409, 0.7272543907165527, 0.7444303035736084, 0.7449616193771362, 0.7726912498474121, 0.7286130785942078, 0.7283128499984741, 0.7299734950065613], ""train_acc"": [16.397777777777776, 31.44, 41.05111111111111, 49.315555555555555, 54.90222222222222, 59.19555555555556, 62.67111111111111, 65.22, 67.5911111111111, 70.14888888888889, 71.94, 73.21777777777778, 75.02888888888889, 76.41111111111111, 77.95333333333333, 78.76222222222222, 80.20222222222222, 81.27777777777777, 84.68, 85.97111111111111], ""val_acc"": [33.26, 45.0, 53.48, 59.98, 63.24, 66.86, 69.36, 70.5, 71.3, 72.78, 73.16, 72.68, 73.58, 74.46, 74.28, 74.8, 73.92, 74.36, 75.9, 76.0]}"
Baseline,1,baseline_simple_cnn,baseline_augmentation,baseline_sgd_momentum,4702582,0.01,0,25,232.8,9.3,0.7217811942100525,75.92,0.7576605456470225,"{""train_loss"": [2.2172257900238037, 1.9101840257644653, 1.631234049797058, 1.4218287467956543, 1.275045394897461, 1.1618385314941406, 1.0645661354064941, 0.9891980290412903, 0.9143182635307312, 0.8584562540054321, 0.8013644814491272, 0.7514179944992065, 0.7100095748901367, 0.6652330756187439, 0.6338035464286804, 0.58961421251297, 0.5661551356315613, 0.5375345945358276, 0.43705713748931885, 0.41307562589645386, 0.39366966485977173, 0.38244521617889404, 0.3789195418357849, 0.3702283799648285, 0.36109840869903564], ""val_loss"": [1.9468315839767456, 1.531160593032837, 1.3211557865142822, 1.1337817907333374, 1.026294231414795, 0.9581507444381714, 0.8911065459251404, 0.849931538105011, 0.8109002113342285, 0.7913103103637695, 0.7562355399131775, 0.7646915316581726, 0.7332253456115723, 0.7262030243873596, 0.7303014993667603, 0.7367432117462158, 0.73292475938797, 0.7426171898841858, 0.7242459058761597, 0.7217811942100525, 0.724965512752533, 0.7255023121833801, 0.7240803837776184, 0.7254539132118225, 0.725919246673584], ""train_acc"": [18.677777777777777, 32.11555555555555, 42.22888888888889, 50.406666666666666, 55.79555555555555, 59.76, 63.413333333333334, 66.30666666666667, 68.60222222222222, 70.58444444444444, 72.70444444444445, 74.41555555555556, 75.56, 76.92222222222222, 78.30444444444444, 79.69777777777777, 80.76444444444445, 81.69777777777777, 85.38, 86.05333333333333, 86.94666666666667, 87.19777777777777, 87.61555555555556, 87.66222222222223, 87.84], ""val_acc"": [33.9, 46.8, 54.14, 60.22, 64.12, 66.42, 69.02, 70.5, 71.98, 72.54, 73.62, 73.14, 74.64, 74.5, 74.42, 74.7, 75.02, 74.34, 76.06, 76.36, 76.3, 76.32, 76.58, 76.42, 76.38]}"
Baseline,2,baseline_simple_cnn,baseline_augmentation,baseline_sgd_momentum,4702582,0.01,0,24,223.6,9.3,0.7367035150527954,75.09,0.7486158595163415,"{""train_loss"": [2.240602493286133, 1.9559006690979004, 1.655936360359192, 1.439785361289978, 1.292335033416748, 1.1781253814697266, 1.0852535963058472, 1.0052164793014526, 0.9238545894622803, 0.8713213801383972, 0.8200463652610779, 0.7709876894950867, 0.723436176776886, 0.6851930022239685, 0.6434697508811951, 0.6094735860824585, 0.5814969539642334, 0.5458070039749146, 0.5213384032249451, 0.49540582299232483, 0.47058695554733276, 0.45648515224456787, 0.36666175723075867, 0.3442111909389496], ""val_loss"": [1.9863263368606567, 1.5691678524017334, 1.316029667854309, 1.1720954179763794, 1.0824120044708252, 0.9662105441093445, 0.8973626494407654, 0.8435328602790833, 0.8184818625450134, 0.7898727059364319, 0.77107173204422, 0.7538185715675354, 0.7478852868080139, 0.7422680258750916, 0.7410625219345093, 0.7566695809364319, 0.7402582168579102, 0.7367035150527954, 0.7367650270462036, 0.7744787335395813, 0.7594947814941406, 0.7601637840270996, 0.7478718757629395, 0.7583550810813904], ""train_acc"": [16.393333333333334, 30.02888888888889, 41.12222222222222, 49.553333333333335, 55.36, 59.43555555555555, 62.62444444444444, 65.77333333333333, 68.13777777777777, 69.93777777777778, 71.93777777777778, 73.73777777777778, 75.10888888888888, 76.41555555555556, 77.8711111111111, 79.20222222222222, 80.22222222222223, 81.23555555555555, 82.26222222222222, 83.06444444444445, 84.0911111111111, 84.38888888888889, 87.74222222222222, 88.43777777777778], ""val_acc"": [31.04, 45.62, 53.56, 59.92, 63.68, 67.08, 69.56, 70.76, 72.1, 72.84, 72.98, 73.88, 73.86, 74.72, 74.6, 74.86, 74.84, 74.82, 75.52, 74.3, 74.34, 74.88, 75.86, 75.96]}"
MobileNetV3,0,mobilenet_v3,baseline_augmentation,baseline_sgd_momentum,4214842,0.01,0,19,292.9,15.4,0.6964333653450012,76.89,0.7690686892599727,"{""train_loss"": [2.0146145820617676, 1.48125159740448, 1.1626771688461304, 0.9809727668762207, 0.8629429936408997, 0.7681228518486023, 0.6969357132911682, 0.6222222447395325, 0.5653106570243835, 0.5077388286590576, 0.45751914381980896, 0.41245657205581665, 0.26373839378356934, 0.20782776176929474, 0.18166087567806244, 0.1618174910545349, 0.14833201467990875, 0.12718451023101807, 0.1274690330028534], ""val_loss"": [2.3189215660095215, 1.513828158378601, 1.2831709384918213, 1.3482639789581299, 0.895619809627533, 0.907839834690094, 0.8387899398803711, 0.7939878106117249, 0.8205690979957581, 0.8071841597557068, 0.8457684516906738, 0.8646515607833862, 0.6964333653450012, 0.7224904894828796, 0.7476636171340942, 0.7738335728645325, 0.8047626614570618, 0.8099681735038757, 0.8114631772041321], ""train_acc"": [23.011111111111113, 45.96666666666667, 58.553333333333335, 65.36888888888889, 69.76222222222222, 73.29333333333334, 75.54666666666667, 78.16222222222223, 80.10888888888888, 82.25111111111111, 84.1288888888889, 85.5, 91.26444444444445, 93.34666666666666, 94.14, 94.96444444444444, 95.41111111111111, 96.15333333333334, 96.2], ""val_acc"": [12.2, 46.42, 55.86, 56.7, 68.8, 68.24, 70.66, 73.1, 72.66, 73.72, 73.26, 73.82, 77.52, 77.52, 77.5, 77.36, 77.08, 77.14, 77.22]}"
MobileNetV3,1,mobilenet_v3,baseline_augmentation,baseline_sgd_momentum,4214842,0.01,0,20,311.2,15.6,0.752022922039032,76.57000000000001,0.766261531623528,"{""train_loss"": [2.01357102394104, 1.49251127243042, 1.1387276649475098, 0.9558916091918945, 0.8376901149749756, 0.7455801963806152, 0.6693423390388489, 0.6058241724967957, 0.537268340587616, 0.48138463497161865, 0.43576884269714355, 0.39295709133148193, 0.3449454605579376, 0.20455142855644226, 0.14996641874313354, 0.12895621359348297, 0.1110001727938652, 0.0964193120598793, 0.08139780908823013, 0.07824662327766418], ""val_loss"": [2.3333969116210938, 1.377756953239441, 1.3206113576889038, 0.9684375524520874, 0.99191814661026, 0.8604826927185059, 0.8376309275627136, 0.8183397054672241, 0.7931463122367859, 0.8368590474128723, 0.8485262393951416, 0.955543041229248, 0.977666974067688, 0.752022922039032, 0.7847093939781189, 0.8243395090103149, 0.8591935038566589, 0.8855651021003723, 0.8858502507209778, 0.8870008587837219], ""train_acc"": [23.595555555555556, 45.77111111111111, 59.355555555555554, 66.34, 70.46888888888888, 73.94444444444444, 76.40666666666667, 78.64222222222222, 81.21777777777778, 82.95555555555555, 84.59777777777778, 86.03555555555556, 88.06666666666666, 93.30222222222223, 95.39333333333333, 96.12444444444445, 96.71111111111111, 97.08, 97.75555555555556, 97.86666666666666], ""val_acc"": [10.0, 50.72, 56.0, 64.9, 66.76, 70.44, 70.8, 73.06, 73.78, 73.2, 74.2, 72.06, 72.16, 77.02, 77.4, 77.02, 76.78, 76.56, 76.82, 76.8]}"
MobileNetV3,2,mobilenet_v3,baseline_augmentation,baseline_sgd_momentum,4214842,0.01,0,16,247.4,15.5,0.7944338917732239,74.03999999999999,0.7355972487194216,"{""train_loss"": [2.018625020980835, 1.5377576351165771, 1.1998472213745117, 0.9841194748878479, 0.8477031588554382, 0.7566660046577454, 0.6726828813552856, 0.6023877859115601, 0.5401080846786499, 0.4745109975337982, 0.4288848638534546, 0.3810361921787262, 0.329367458820343, 0.30425453186035156, 0.17154888808727264, 0.12010745704174042], ""val_loss"": [2.3306925296783447, 1.5143611431121826, 1.4893245697021484, 0.9814132452011108, 0.9891058206558228, 0.8943817019462585, 0.8136107921600342, 0.8277802467346191, 0.8008880615234375, 0.7944338917732239, 0.8606606125831604, 0.8849306702613831, 0.9513493180274963, 1.0579034090042114, 0.8034311532974243, 0.8374361395835876], ""train_acc"": [22.826666666666668, 44.3, 57.373333333333335, 65.25777777777778, 70.20222222222222, 73.52, 76.39555555555556, 78.98, 81.00888888888889, 83.40444444444445, 84.92666666666666, 86.5911111111111, 88.43777777777778, 89.41111111111111, 94.38888888888889, 96.41777777777777], ""val_acc"": [10.0, 45.82, 52.1, 65.74, 67.28, 69.44, 72.42, 72.5, 73.84, 74.26, 73.06, 73.24, 73.36, 71.96, 76.58, 76.38]}"
DenseNet121,0,densenet121,baseline_augmentation,baseline_sgd_momentum,6956426,0.01,0,19,647.8,34.1,0.50469571352005,84.52,0.8452995751154301,"{""train_loss"": [1.7938592433929443, 1.2785708904266357, 0.9889692068099976, 0.8139017224311829, 0.6816214323043823, 0.5860392451286316, 0.4961544871330261, 0.42569899559020996, 0.360551118850708, 0.30380114912986755, 0.26340755820274353, 0.21618595719337463, 0.10703077167272568, 0.0777614638209343, 0.06369941681623459, 0.054689615964889526, 0.048479508608579636, 0.04365762695670128, 0.041687630116939545], ""val_loss"": [1.545975685119629, 1.0805692672729492, 0.8957498073577881, 0.7745698690414429, 0.6303271651268005, 0.634762704372406, 0.6726190447807312, 0.5945273637771606, 0.6913754940032959, 0.6432835459709167, 0.7174088954925537, 0.693970263004303, 0.50469571352005, 0.5100224018096924, 0.5108598470687866, 0.5234805941581726, 0.5333231091499329, 0.5333342552185059, 0.5305280089378357], ""train_acc"": [33.72666666666667, 54.57111111111111, 65.24222222222222, 71.51777777777778, 76.38444444444444, 79.70666666666666, 82.70444444444445, 85.17777777777778, 87.38444444444444, 89.72444444444444, 90.96444444444444, 92.56, 96.83777777777777, 97.88444444444444, 98.35333333333334, 98.64222222222222, 98.86888888888889, 98.95333333333333, 99.03777777777778], ""val_acc"": [46.74, 61.02, 67.38, 73.72, 77.76, 77.66, 78.1, 80.26, 77.96, 80.42, 78.38, 80.02, 84.46, 84.48, 84.7, 84.56, 84.8, 84.8, 84.94]}"
DenseNet121,1,densenet121,baseline_augmentation,baseline_sgd_momentum,6956426,0.01,0,22,755.2,34.3,0.48700544238090515,84.64,0.8461705714750138,"{""train_loss"": [1.8235445022583008, 1.3423125743865967, 1.0373241901397705, 0.8495630025863647, 0.7176163196563721, 0.6097599267959595, 0.52486252784729, 0.45729804039001465, 0.3900217115879059, 0.32539263367652893, 0.2725469768047333, 0.2347026765346527, 0.19916966557502747, 0.17141805589199066, 0.08327113837003708, 0.05791801959276199, 0.04825292527675629, 0.042780596762895584, 0.038187917321920395, 0.03545621410012245, 0.03031097538769245, 0.030523424968123436], ""val_loss"": [1.3770958185195923, 1.1474279165267944, 0.9368208050727844, 0.7875387072563171, 0.7327332496643066, 0.7683418989181519, 0.6804227828979492, 0.8028873801231384, 0.6684311032295227, 0.5927030444145203, 0.6385257840156555, 0.5933520197868347, 0.7299609780311584, 0.6318161487579346, 0.4889770746231079, 0.48700544238090515, 0.4954369366168976, 0.5074974894523621, 0.5110506415367126, 0.5189346671104431, 0.520011305809021, 0.5182137489318848], ""train_acc"": [32.73777777777778, 51.72, 63.30222222222222, 70.31111111111112, 74.93777777777778, 78.89777777777778, 81.79555555555555, 84.23333333333333, 86.43333333333334, 88.83777777777777, 90.66, 91.89111111111112, 93.18, 94.09333333333333, 97.49777777777778, 98.45555555555555, 98.78222222222222, 98.95333333333333, 99.09555555555555, 99.14444444444445, 99.29777777777778, 99.28], ""val_acc"": [49.8, 59.34, 66.62, 71.96, 74.22, 74.1, 76.98, 75.2, 78.56, 80.94, 80.48, 81.8, 79.16, 82.02, 85.06, 85.48, 85.62, 85.38, 85.74, 85.6, 85.58, 85.62]}"
DenseNet121,2,densenet121,baseline_augmentation,baseline_sgd_momentum,6956426,0.01,0,18,615.8,34.2,0.47080135345458984,84.58,0.8456417150546697,"{""train_loss"": [1.8079123497009277, 1.3128101825714111, 1.0245577096939087, 0.8333461284637451, 0.6986973881721497, 0.6051874756813049, 0.5186373591423035, 0.43276551365852356, 0.37659981846809387, 0.31972232460975647, 0.26634156703948975, 0.14301817119121552, 0.10668256133794785, 0.09086056053638458, 0.08005622029304504, 0.07112021744251251, 0.06451249867677689, 0.06367003917694092], ""val_loss"": [1.6977120637893677, 0.9891388416290283, 0.9703667759895325, 0.7514307498931885, 0.6827376484870911, 0.6733799576759338, 0.5937846899032593, 0.5944655537605286, 0.6599991321563721, 0.6324037909507751, 0.6957818865776062, 0.47080135345458984, 0.48030731081962585, 0.4842621386051178, 0.49705275893211365, 0.5026969313621521, 0.4951403737068176, 0.4966772198677063], ""train_acc"": [33.59777777777778, 53.095555555555556, 63.644444444444446, 70.62444444444445, 75.66, 79.02444444444444, 81.88, 84.89333333333333, 87.12666666666667, 88.88, 90.92444444444445, 95.65333333333334, 97.02666666666667, 97.62, 97.9, 98.22222222222223, 98.3, 98.37333333333333], ""val_acc"": [42.5, 64.64, 65.68, 73.6, 76.38, 77.5, 79.84, 79.52, 79.14, 80.2, 78.84, 84.72, 84.56, 84.8, 85.1, 84.94, 84.98, 85.16]}"
Aug1,0,baseline_simple_cnn,aug1,baseline_sgd_momentum,4702582,0.01,0,25,380.4,15.2,0.8676860332489014,69.84,0.694173951654639,"{""train_loss"": [2.1768674850463867, 1.9511432647705078, 1.8087491989135742, 1.7307102680206299, 1.6618255376815796, 1.604197382926941, 1.5492560863494873, 1.50265371799469, 1.4715921878814697, 1.432759404182434, 1.3911679983139038, 1.3624190092086792, 1.337792158126831, 1.3087692260742188, 1.2839961051940918, 1.268519401550293, 1.2458157539367676, 1.225713849067688, 1.211619257926941, 1.188246250152588, 1.1838148832321167, 1.161887526512146, 1.1536836624145508, 1.1358590126037598, 1.125887393951416], ""val_loss"": [1.9865366220474243, 1.738247275352478, 1.6035130023956299, 1.5070205926895142, 1.4324532747268677, 1.3672600984573364, 1.3540701866149902, 1.2377444505691528, 1.211808443069458, 1.17979097366333, 1.1433007717132568, 1.119423270225525, 1.0594100952148438, 1.0215247869491577, 1.0446369647979736, 1.0079882144927979, 0.9870876669883728, 0.96519535779953, 0.9288560152053833, 0.9314414858818054, 0.9125711917877197, 0.9313138723373413, 0.889478862285614, 0.8676860332489014, 0.8788047432899475], ""train_acc"": [17.184444444444445, 26.637777777777778, 32.81111111111111, 35.71111111111111, 38.60444444444445, 40.98444444444444, 43.10444444444445, 45.47555555555556, 46.44444444444444, 48.00666666666667, 49.76, 51.035555555555554, 51.87555555555556, 52.84888888888889, 54.0, 54.53333333333333, 55.24444444444445, 55.80222222222222, 56.54888888888889, 57.19111111111111, 57.437777777777775, 58.535555555555554, 59.022222222222226, 59.40222222222222, 59.77777777777778], ""val_acc"": [24.1, 35.26, 38.8, 45.42, 47.54, 49.66, 50.3, 54.64, 56.36, 57.38, 59.4, 60.3, 62.74, 63.88, 63.64, 65.0, 64.92, 66.38, 67.88, 67.02, 67.94, 67.1, 69.12, 69.78, 69.3]}"
Aug1,1,baseline_simple_cnn,aug1,baseline_sgd_momentum,4702582,0.01,0,25,379.2,15.2,0.8375852108001709,70.19,0.6977691466508784,"{""train_loss"": [2.173659324645996, 1.9419993162155151, 1.8140989542007446, 1.7249715328216553, 1.6696745157241821, 1.6022210121154785, 1.5529729127883911, 1.5038970708847046, 1.4600598812103271, 1.422958254814148, 1.3813318014144897, 1.3537338972091675, 1.3148030042648315, 1.2947863340377808, 1.2710424661636353, 1.2540662288665771, 1.2330243587493896, 1.2192914485931396, 1.1950297355651855, 1.1859228610992432, 1.1672651767730713, 1.1582049131393433, 1.1358493566513062, 1.1306599378585815, 1.1200789213180542], ""val_loss"": [1.9724032878875732, 1.7400976419448853, 1.6045072078704834, 1.49356210231781, 1.414166808128357, 1.3923697471618652, 1.3003734350204468, 1.2738677263259888, 1.2730296850204468, 1.1691415309906006, 1.1318473815917969, 1.1053595542907715, 1.1010992527008057, 1.0320545434951782, 1.0102217197418213, 0.9868773221969604, 0.9984462857246399, 0.9458447098731995, 0.9537718296051025, 0.9200866222381592, 0.8951708674430847, 0.8775315284729004, 0.8737961649894714, 0.8375852108001709, 0.8502378463745117], ""train_acc"": [18.137777777777778, 28.122222222222224, 32.91111111111111, 35.977777777777774, 38.64, 41.215555555555554, 43.04666666666667, 45.3, 46.84444444444444, 48.217777777777776, 50.117777777777775, 50.89555555555555, 52.4, 53.364444444444445, 54.28888888888889, 54.94, 55.64, 56.184444444444445, 57.10444444444445, 57.58222222222222, 58.40222222222222, 58.65777777777778, 59.42, 59.568888888888885, 60.27111111111111], ""val_acc"": [26.42, 34.4, 41.78, 44.96, 48.32, 48.68, 52.3, 53.3, 54.24, 58.18, 59.34, 60.0, 60.84, 63.78, 63.38, 65.28, 65.56, 66.6, 66.66, 67.48, 69.02, 69.12, 69.58, 70.98, 70.78]}"
Aug1,2,baseline_simple_cnn,aug1,baseline_sgd_momentum,4702582,0.01,0,25,381.3,15.2,0.8620203137397766,69.19999999999999,0.6826595152095468,"{""train_loss"": [2.1803040504455566, 1.9512121677398682, 1.8356871604919434, 1.7513227462768555, 1.6779229640960693, 1.62488853931427, 1.5777132511138916, 1.5234109163284302, 1.4848154783248901, 1.438262701034546, 1.4002701044082642, 1.3712927103042603, 1.3427709341049194, 1.3126410245895386, 1.2984504699707031, 1.2688333988189697, 1.2571203708648682, 1.2291260957717896, 1.2132118940353394, 1.1985952854156494, 1.1883145570755005, 1.173912525177002, 1.1608089208602905, 1.1420971155166626, 1.134747862815857], ""val_loss"": [1.9638978242874146, 1.7686805725097656, 1.613757610321045, 1.5434972047805786, 1.4387848377227783, 1.417566180229187, 1.3355506658554077, 1.3327313661575317, 1.2775014638900757, 1.2264885902404785, 1.202912449836731, 1.144809365272522, 1.119672179222107, 1.0655860900878906, 1.047006607055664, 1.0169868469238281, 1.0248303413391113, 0.9554836750030518, 0.9630032777786255, 0.9919938445091248, 0.9132264256477356, 0.9174294471740723, 0.8700367212295532, 0.8620203137397766, 0.8815771341323853], ""train_acc"": [17.215555555555557, 26.642222222222223, 31.41111111111111, 34.88444444444445, 38.166666666666664, 40.21333333333333, 42.05777777777778, 44.291111111111114, 45.931111111111115, 47.56, 49.41777777777778, 50.31111111111111, 51.63777777777778, 52.58, 53.21111111111111, 54.40222222222222, 54.79333333333334, 55.904444444444444, 56.455555555555556, 57.364444444444445, 57.34222222222222, 58.22888888888889, 58.73555555555556, 59.346666666666664, 59.84222222222222], ""val_acc"": [25.18, 34.76, 39.26, 43.72, 47.24, 48.14, 51.32, 51.48, 53.06, 55.36, 56.52, 58.88, 59.46, 62.06, 62.86, 63.84, 64.48, 66.92, 67.1, 65.4, 68.4, 67.94, 69.78, 69.62, 69.5]}"
Aug2,0,baseline_simple_cnn,aug2,baseline_sgd_momentum,4702582,0.01,0,25,183.2,7.3,0.7091242671012878,74.47,0.7431221267824294,"{""train_loss"": [2.2117562294006348, 2.012575149536133, 1.8688547611236572, 1.7814676761627197, 1.7154310941696167, 1.6474528312683105, 1.5802546739578247, 1.5173723697662354, 1.4590295553207397, 1.4117828607559204, 1.3644824028015137, 1.3237303495407104, 1.2790321111679077, 1.2509655952453613, 1.2197136878967285, 1.1906697750091553, 1.1655925512313843, 1.144895076751709, 1.1256297826766968, 1.099021553993225, 1.086925745010376, 1.0712718963623047, 1.0623916387557983, 1.0457664728164673, 1.0359283685684204], ""val_loss"": [1.9742358922958374, 1.7304357290267944, 1.6482582092285156, 1.4938286542892456, 1.4020342826843262, 1.3568005561828613, 1.2489148378372192, 1.1689977645874023, 1.1124107837677002, 1.04315984249115, 0.9933555126190186, 0.9951231479644775, 0.912735104560852, 0.8668577671051025, 0.8702411651611328, 0.8213382363319397, 0.7988098859786987, 0.8029098510742188, 0.7628462910652161, 0.7480922341346741, 0.7290560603141785, 0.720648467540741, 0.7207251191139221, 0.7091242671012878, 0.7123382091522217], ""train_acc"": [16.44, 25.58222222222222, 30.58888888888889, 33.95111111111111, 36.92666666666667, 39.45111111111111, 42.18, 44.708888888888886, 47.12222222222222, 49.26444444444444, 50.96, 52.446666666666665, 54.28888888888889, 55.34, 56.54888888888889, 57.766666666666666, 58.66222222222222, 59.35333333333333, 60.13777777777778, 61.30222222222222, 61.595555555555556, 62.06666666666667, 62.37555555555556, 63.242222222222225, 63.791111111111114], ""val_acc"": [28.98, 36.44, 36.68, 45.22, 48.78, 51.84, 55.22, 58.88, 61.28, 63.02, 65.04, 65.24, 67.36, 69.98, 69.36, 71.56, 72.12, 71.68, 72.62, 73.5, 74.74, 75.0, 74.72, 75.08, 75.14]}"
Aug2,1,baseline_simple_cnn,aug2,baseline_sgd_momentum,4702582,0.01,0,25,177.4,7.1,0.6820233464241028,75.81,0.7558878251195549,"{""train_loss"": [2.2020459175109863, 1.9998379945755005, 1.8743484020233154, 1.7788383960723877, 1.7022666931152344, 1.6292389631271362, 1.560089111328125, 1.4877468347549438, 1.4298712015151978, 1.376448392868042, 1.3304426670074463, 1.2912863492965698, 1.2500174045562744, 1.212693452835083, 1.1816407442092896, 1.1634801626205444, 1.1377301216125488, 1.1177114248275757, 1.09748375415802, 1.0806938409805298, 1.0680047273635864, 1.0535199642181396, 1.035562515258789, 1.0254652500152588, 1.0156461000442505], ""val_loss"": [1.934809684753418, 1.7392523288726807, 1.5905539989471436, 1.4698195457458496, 1.3826448917388916, 1.2869209051132202, 1.196481466293335, 1.1667131185531616, 1.0750881433486938, 0.9997814893722534, 0.954626739025116, 0.9208444952964783, 0.9022584557533264, 0.8474310040473938, 0.8280308246612549, 0.8064227104187012, 0.8019590377807617, 0.759697675704956, 0.7535388469696045, 0.7404110431671143, 0.7158166170120239, 0.7063940167427063, 0.7028152346611023, 0.6820233464241028, 0.6837581396102905], ""train_acc"": [17.297777777777778, 26.1, 30.977777777777778, 34.39333333333333, 37.42444444444445, 40.62, 43.21333333333333, 45.98222222222222, 48.49111111111111, 50.36888888888889, 52.28, 53.68, 55.18888888888889, 56.815555555555555, 58.11555555555555, 58.78, 59.62, 60.473333333333336, 61.38444444444445, 61.88, 62.38666666666666, 62.882222222222225, 63.602222222222224, 63.84888888888889, 64.37555555555555], ""val_acc"": [28.38, 34.38, 41.02, 47.14, 50.8, 53.48, 57.06, 58.68, 61.72, 64.48, 66.42, 67.28, 68.48, 70.6, 70.82, 71.84, 72.7, 74.06, 73.56, 74.84, 75.58, 75.2, 75.46, 76.64, 76.54]}"
Aug2,2,baseline_simple_cnn,aug2,baseline_sgd_momentum,4702582,0.01,0,25,177.5,7.1,0.6984549760818481,75.49,0.7514987026921711,"{""train_loss"": [2.2182517051696777, 1.9907612800598145, 1.8722807168960571, 1.769464373588562, 1.7037352323532104, 1.650441288948059, 1.5846672058105469, 1.5067477226257324, 1.445774793624878, 1.3994262218475342, 1.3517895936965942, 1.3120827674865723, 1.274261236190796, 1.2363191843032837, 1.2161128520965576, 1.1850489377975464, 1.1526635885238647, 1.1390447616577148, 1.1180005073547363, 1.1013813018798828, 1.0765962600708008, 1.0668491125106812, 1.049358606338501, 1.0432378053665161, 1.0271117687225342], ""val_loss"": [1.9474130868911743, 1.7765392065048218, 1.5599275827407837, 1.4613054990768433, 1.3894264698028564, 1.3266769647598267, 1.2366533279418945, 1.1821670532226562, 1.1082009077072144, 1.0487396717071533, 1.0283787250518799, 0.9674825072288513, 0.9226202964782715, 0.8767191171646118, 0.8594376444816589, 0.8094200491905212, 0.8279170393943787, 0.7657679915428162, 0.7642333507537842, 0.7657639384269714, 0.7539494633674622, 0.7442108988761902, 0.7227786183357239, 0.7055932879447937, 0.6984549760818481], ""train_acc"": [15.684444444444445, 25.73111111111111, 30.615555555555556, 34.08, 37.08444444444444, 39.35111111111111, 41.86222222222222, 44.98444444444444, 47.74, 49.31333333333333, 51.473333333333336, 52.90888888888889, 54.486666666666665, 55.62, 56.58, 57.89111111111111, 59.37555555555556, 59.78, 60.60666666666667, 60.971111111111114, 62.13111111111111, 62.41555555555556, 62.977777777777774, 63.38, 63.98222222222222], ""val_acc"": [28.36, 34.92, 42.26, 45.04, 48.38, 50.8, 55.52, 57.56, 60.88, 63.02, 63.64, 65.64, 67.6, 70.14, 69.88, 72.2, 70.86, 73.4, 73.92, 73.84, 74.22, 74.8, 75.6, 74.78, 76.1]}"
Adam,0,baseline_simple_cnn,baseline_augmentation,adam,4702582,0.001,0,19,171.0,9.0,0.668946385383606,77.34,0.7726242490596359,"{""train_loss"": [1.804589033126831, 1.3634659051895142, 1.1498303413391113, 1.0185129642486572, 0.9386184215545654, 0.8748489618301392, 0.8124786615371704, 0.7655019164085388, 0.7260830402374268, 0.685242772102356, 0.6477033495903015, 0.6216415166854858, 0.5920649170875549, 0.5646244883537292, 0.5446743369102478, 0.5269628763198853, 0.49984413385391235, 0.42740359902381897, 0.3969588279724121], ""val_loss"": [1.3362563848495483, 1.0307024717330933, 0.9051751494407654, 0.8151061534881592, 0.7734987735748291, 0.7382827401161194, 0.7121047377586365, 0.6963872909545898, 0.6739858984947205, 0.6848911643028259, 0.6730355024337769, 0.6734247803688049, 0.668946385383606, 0.6805182695388794, 0.6696675419807434, 0.6779655814170837, 0.6905713677406311, 0.6762228608131409, 0.6739823818206787], ""train_acc"": [34.70666666666666, 52.27333333333333, 60.16222222222222, 64.87555555555555, 67.65555555555555, 69.87333333333333, 71.98666666666666, 73.69111111111111, 74.57777777777778, 76.38666666666667, 77.58, 78.52, 79.41111111111111, 80.36666666666666, 81.05333333333333, 81.7, 82.62666666666667, 85.03555555555556, 86.1511111111111], ""val_acc"": [53.72, 64.88, 69.62, 71.84, 73.34, 73.92, 75.66, 75.9, 77.08, 76.82, 76.9, 77.26, 77.8, 77.8, 77.64, 77.3, 77.34, 78.08, 78.18]}"
Adam,1,baseline_simple_cnn,baseline_augmentation,adam,4702582,0.001,0,24,215.0,9.0,0.6513664126396179,78.01,0.7788707837686519,"{""train_loss"": [1.8435221910476685, 1.3527138233184814, 1.1405940055847168, 1.0085952281951904, 0.9343960285186768, 0.8706817030906677, 0.8201392292976379, 0.7721219658851624, 0.7269583940505981, 0.693823516368866, 0.6558310985565186, 0.6277295351028442, 0.6043413281440735, 0.5814330577850342, 0.555526852607727, 0.5333966612815857, 0.5176553726196289, 0.44593942165374756, 0.4175681173801422, 0.41494157910346985, 0.3993876874446869, 0.38624775409698486, 0.3794628977775574, 0.37810954451560974], ""val_loss"": [1.2830784320831299, 1.0059317350387573, 0.8928464651107788, 0.7879025936126709, 0.7608780264854431, 0.7272020578384399, 0.6914565563201904, 0.6760932803153992, 0.6898103952407837, 0.6802998185157776, 0.6661839485168457, 0.6640691161155701, 0.6542165875434875, 0.6637423634529114, 0.686491072177887, 0.6796548962593079, 0.6777127385139465, 0.6513664126396179, 0.6564761400222778, 0.6585756540298462, 0.6611064076423645, 0.6629129648208618, 0.6614214181900024, 0.6602618098258972], ""train_acc"": [33.16444444444444, 52.57111111111111, 60.50666666666667, 65.14666666666666, 67.73555555555555, 69.79777777777778, 71.56, 73.17555555555556, 74.84222222222222, 75.87555555555555, 77.32, 78.11777777777777, 78.95777777777778, 79.86222222222223, 80.74666666666667, 81.42888888888889, 81.92222222222222, 84.50888888888889, 85.40666666666667, 85.77555555555556, 86.32, 86.52666666666667, 86.75333333333333, 86.86222222222223], ""val_acc"": [56.12, 65.74, 69.26, 72.14, 73.4, 74.96, 75.7, 76.36, 75.84, 75.86, 77.16, 77.0, 78.2, 77.46, 77.2, 76.96, 77.32, 78.1, 78.68, 78.38, 78.6, 78.76, 78.78, 78.7]}"
Adam,2,baseline_simple_cnn,baseline_augmentation,adam,4702582,0.001,0,25,224.0,9.0,0.6585361957550049,77.78,0.7769211532047218,"{""train_loss"": [1.822197437286377, 1.357568383216858, 1.1518653631210327, 1.0391013622283936, 0.9692960977554321, 0.9016009569168091, 0.846842885017395, 0.8046635389328003, 0.7579389810562134, 0.7270762920379639, 0.6898776292800903, 0.6682897210121155, 0.6431592702865601, 0.6147505044937134, 0.5938865542411804, 0.5740776062011719, 0.558971643447876, 0.5363962054252625, 0.5326941013336182, 0.5077381730079651, 0.4923062026500702, 0.48220670223236084, 0.41817229986190796, 0.39158347249031067, 0.3849774897098541], ""val_loss"": [1.2774732112884521, 1.014448642730713, 0.8850377798080444, 0.8234370946884155, 0.7864661812782288, 0.7530079483985901, 0.7234951853752136, 0.6989179253578186, 0.6906577348709106, 0.683987021446228, 0.6764512062072754, 0.6740625500679016, 0.6746588945388794, 0.6760255694389343, 0.6713406443595886, 0.6842519640922546, 0.6742684245109558, 0.6685008406639099, 0.6760393381118774, 0.6829449534416199, 0.6783134937286377, 0.6706386804580688, 0.6585361957550049, 0.6597427725791931, 0.6627216339111328], ""train_acc"": [34.22, 52.29333333333334, 60.13333333333333, 64.18, 66.56888888888889, 68.86888888888889, 70.68888888888888, 72.07111111111111, 73.7311111111111, 74.85777777777778, 76.05111111111111, 76.93111111111111, 77.67333333333333, 78.54666666666667, 79.22666666666667, 79.94, 80.50888888888889, 81.26666666666667, 81.32888888888888, 82.20222222222222, 82.71777777777778, 83.23333333333333, 85.29555555555555, 86.29777777777778, 86.43555555555555], ""val_acc"": [55.1, 65.94, 68.98, 70.94, 72.5, 73.66, 74.28, 75.4, 75.66, 76.34, 76.32, 76.7, 76.92, 77.12, 77.26, 77.14, 77.44, 77.0, 77.38, 77.02, 77.04, 77.58, 78.46, 78.36, 78.48]}"
AdamW,0,baseline_simple_cnn,baseline_augmentation,adamw,4702582,0.001,0.01,22,197.3,9.0,0.6617564558982849,76.91,0.7673991594851659,"{""train_loss"": [1.8077783584594727, 1.3644661903381348, 1.1562378406524658, 1.0315848588943481, 0.9502162337303162, 0.8813868761062622, 0.8225271105766296, 0.7700430750846863, 0.731009840965271, 0.6890520453453064, 0.6574850678443909, 0.6313803195953369, 0.5945303440093994, 0.5731617212295532, 0.5511335730552673, 0.5341266393661499, 0.5073601007461548, 0.4936619699001312, 0.46811410784721375, 0.4645453691482544, 0.3828270137310028, 0.3629371225833893], ""val_loss"": [1.350389838218689, 1.0365699529647827, 0.8981525897979736, 0.8250460028648376, 0.7857292294502258, 0.7366043329238892, 0.7124917507171631, 0.696102499961853, 0.6830605268478394, 0.6906549334526062, 0.6691754460334778, 0.6799993515014648, 0.6642839312553406, 0.6746720671653748, 0.6635553240776062, 0.6617564558982849, 0.668711245059967, 0.6648098230361938, 0.6710898280143738, 0.675801157951355, 0.6627947092056274, 0.6661571860313416], ""train_acc"": [34.617777777777775, 51.92444444444445, 60.04666666666667, 64.63333333333334, 66.88666666666667, 69.56666666666666, 71.61555555555556, 73.50666666666666, 74.48, 76.05111111111111, 76.95111111111112, 78.08666666666667, 79.31777777777778, 79.95555555555555, 80.77777777777777, 81.39777777777778, 82.03777777777778, 82.7911111111111, 83.50444444444445, 83.69777777777777, 86.68888888888888, 87.4], ""val_acc"": [52.64, 64.98, 69.94, 70.72, 72.98, 74.34, 75.08, 75.48, 75.76, 75.42, 76.98, 76.36, 77.16, 76.66, 76.86, 77.18, 77.18, 77.16, 77.76, 77.86, 78.36, 78.36]}"
AdamW,1,baseline_simple_cnn,baseline_augmentation,adamw,4702582,0.001,0.01,20,179.4,9.0,0.6487637758255005,76.99000000000001,0.7678084670903805,"{""train_loss"": [1.841373324394226, 1.3448289632797241, 1.1335852146148682, 1.0140001773834229, 0.9324442744255066, 0.8720012307167053, 0.8232075572013855, 0.7747126817703247, 0.7338041067123413, 0.6941773891448975, 0.6602679491043091, 0.6285959482192993, 0.6067818403244019, 0.5873018503189087, 0.5614631175994873, 0.5376259088516235, 0.5191020965576172, 0.5023787021636963, 0.4311070442199707, 0.406362384557724], ""val_loss"": [1.2888245582580566, 0.9994232058525085, 0.8850454688072205, 0.8055267930030823, 0.7562302947044373, 0.7314375638961792, 0.6960545778274536, 0.6806167364120483, 0.6768380999565125, 0.6709216833114624, 0.6694025993347168, 0.6624767184257507, 0.6663768291473389, 0.6487637758255005, 0.6531598567962646, 0.6692999601364136, 0.6593738794326782, 0.6736981272697449, 0.6499142050743103, 0.6535415649414062], ""train_acc"": [33.19555555555556, 53.22, 60.63777777777778, 64.86666666666666, 67.82666666666667, 69.71333333333334, 71.38, 73.17555555555556, 74.77111111111111, 76.04444444444445, 77.15333333333334, 78.19111111111111, 78.98666666666666, 79.71111111111111, 80.45777777777778, 81.50222222222222, 81.74222222222222, 82.50666666666666, 84.94222222222223, 86.00444444444445], ""val_acc"": [55.98, 66.94, 69.02, 72.32, 74.06, 74.46, 75.96, 76.62, 76.6, 76.46, 76.62, 77.02, 77.06, 77.24, 77.56, 76.96, 77.42, 76.78, 78.14, 78.38]}"
AdamW,2,baseline_simple_cnn,baseline_augmentation,adamw,4702582,0.001,0.01,25,224.6,9.0,0.6393864154815674,78.08,0.7797838373445165,"{""train_loss"": [1.8266737461090088, 1.3706814050674438, 1.1634271144866943, 1.0379416942596436, 0.9640598297119141, 0.8955823183059692, 0.8423850536346436, 0.8016022443771362, 0.7485244870185852, 0.7255111932754517, 0.6834165453910828, 0.6593679785728455, 0.6306281089782715, 0.6079481244087219, 0.581512987613678, 0.5616381764411926, 0.4933730661869049, 0.46526047587394714, 0.45953065156936646, 0.4446840286254883, 0.4353528320789337, 0.43140172958374023, 0.428948312997818, 0.4208293855190277, 0.4149537682533264], ""val_loss"": [1.2922600507736206, 1.0207985639572144, 0.8885746598243713, 0.8205256462097168, 0.7934936881065369, 0.7389010787010193, 0.7207774519920349, 0.7026135921478271, 0.6899789571762085, 0.6853057146072388, 0.6740728616714478, 0.6568288207054138, 0.6637997627258301, 0.6654215455055237, 0.6628497242927551, 0.6847736835479736, 0.6428482532501221, 0.6458827257156372, 0.6393864154815674, 0.6403352618217468, 0.6432979106903076, 0.6414302587509155, 0.6479579210281372, 0.6442955136299133, 0.6446992754936218], ""train_acc"": [34.03111111111111, 51.63111111111111, 59.70666666666666, 64.28222222222222, 66.91111111111111, 68.96666666666667, 70.85777777777778, 72.42666666666666, 74.0911111111111, 74.62444444444445, 76.0911111111111, 77.02, 77.93111111111111, 78.88, 79.68, 80.58444444444444, 82.84666666666666, 83.81777777777778, 84.18222222222222, 84.7, 84.60888888888888, 85.0111111111111, 85.06888888888889, 85.31555555555556, 85.69555555555556], ""val_acc"": [54.0, 65.3, 68.52, 71.28, 72.98, 73.58, 75.24, 75.42, 75.82, 75.72, 76.74, 77.26, 76.6, 77.16, 77.0, 77.04, 78.3, 78.16, 78.44, 78.64, 78.86, 78.6, 78.4, 78.62, 78.74]}"
